"orig.ident"	"nCount_RNA"	"nFeature_RNA"	"nCount_SCT"	"nFeature_SCT"	"Mouse"	"Phenotype"	"Cell.cycle"
"AAACCCACATAGGCGA-1"	"SeuratProject"	7043	2198	20762	3662	"WT_2"	"WT"	"G1"
"AAACGAATCGAGCACC-1"	"SeuratProject"	17795	4601	21472	4585	"HOM_1"	"HOM"	"G1"
"AAAGGATTCGCTAAAC-1"	"SeuratProject"	20036	4654	21551	4609	"WT_2"	"WT"	"G1"
"AAAGGATTCTGTGCTC-1"	"SeuratProject"	25844	5457	23065	5371	"WT_1"	"WT"	"G1"
"AAAGTGAAGAGGTCAC-1"	"SeuratProject"	23219	5067	22762	5031	"WT_2"	"WT"	"G1"
"AAAGTGAGTGGCCACT-1"	"SeuratProject"	21075	5449	21607	5398	"WT_2"	"WT"	"G1"
"AAATGGAGTACAACGG-1"	"SeuratProject"	20307	4731	21234	4621	"WT_2"	"WT"	"G1"
"AACACACGTGTGGTCC-1"	"SeuratProject"	25131	4969	22998	4930	"HOM_1"	"HOM"	"G1"
"AACCAACCACACACGC-1"	"SeuratProject"	40856	6138	23088	5237	"HOM_1"	"HOM"	"G1"
"AACGGGATCGTGCGAC-1"	"SeuratProject"	20073	4771	21566	4744	"WT_1"	"WT"	"G1"
"AACGTCATCACGGTCG-1"	"SeuratProject"	15498	4197	21512	4183	"HOM_2"	"HOM"	"G1"
"AAGACAAGTCGACTTA-1"	"SeuratProject"	19523	4855	21460	4815	"WT_2"	"WT"	"G1"
"AAGACTCGTTGCATGT-1"	"SeuratProject"	24044	4883	22919	4839	"WT_1"	"WT"	"G1"
"AAGATAGGTCCTTAAG-1"	"SeuratProject"	30791	6425	23168	6265	"HOM_1"	"HOM"	"G1"
"AAGCCATCATCGCTAA-1"	"SeuratProject"	26349	5321	23134	5289	"WT_1"	"WT"	"G1"
"AAGCCATTCGGAATGG-1"	"SeuratProject"	21703	4789	21952	4758	"HOM_1"	"HOM"	"G1"
"AAGCGTTGTAGACAAT-1"	"SeuratProject"	1318	793	21269	5439	"HOM_1"	"HOM"	"G1"
"AAGGTAACAGCTTTCC-1"	"SeuratProject"	22188	4852	22182	4819	"WT_2"	"WT"	"G1"
"AAGTACCCACACACTA-1"	"SeuratProject"	44282	7790	23316	6535	"WT_1"	"WT"	"G1"
"AATGCCAGTTCTCAGA-1"	"SeuratProject"	7704	2367	20583	3706	"WT_2"	"WT"	"G1"
"AATGGCTAGTGGTCAG-1"	"SeuratProject"	22326	5214	22257	5154	"WT_2"	"WT"	"G1"
"AATGGCTGTGGCTACC-1"	"SeuratProject"	17748	4414	21542	4397	"WT_2"	"WT"	"G1"
"AATTCCTAGGTTACAA-1"	"SeuratProject"	21627	4590	21905	4550	"WT_2"	"WT"	"G1"
"AATTCCTGTGTCTTGA-1"	"SeuratProject"	20877	4739	21666	4684	"HOM_2"	"HOM"	"G1"
"AATTTCCAGTAGACAT-1"	"SeuratProject"	22297	4799	22236	4745	"WT_2"	"WT"	"G1"
"AATTTCCTCTCCGAGG-1"	"SeuratProject"	15686	4072	21552	4043	"WT_1"	"WT"	"G1"
"ACAAAGAAGGCAGTCA-1"	"SeuratProject"	18396	4361	21506	4337	"HOM_2"	"HOM"	"G1"
"ACACAGTAGATGAAGG-1"	"SeuratProject"	16460	4118	21602	4106	"WT_1"	"WT"	"G1"
"ACACAGTTCGTTAGAC-1"	"SeuratProject"	43122	7049	23156	6102	"HOM_2"	"HOM"	"G1"
"ACAGCCGTCATTATCC-1"	"SeuratProject"	23151	5006	22705	4970	"WT_2"	"WT"	"G1"
"ACAGGGAAGAGTCCGA-1"	"SeuratProject"	23580	4790	22749	4736	"WT_1"	"WT"	"G1"
"ACAGGGATCTGCGGAC-1"	"SeuratProject"	26458	5663	23164	5601	"HOM_1"	"HOM"	"G1"
"ACATCCCAGAGTGTGC-1"	"SeuratProject"	29800	5187	23009	5142	"WT_1"	"WT"	"G1"
"ACATCCCGTCGTGATT-1"	"SeuratProject"	31893	6055	23097	5918	"HOM_2"	"HOM"	"G1"
"ACATCGAGTCGCAGTC-1"	"SeuratProject"	35695	5633	22877	5202	"HOM_2"	"HOM"	"G1"
"ACCACAAGTCCAGCCA-1"	"SeuratProject"	9158	2934	20592	3848	"WT_1"	"WT"	"G1"
"ACCCTCATCATGGATC-1"	"SeuratProject"	20759	4597	21701	4566	"WT_2"	"WT"	"G1"
"ACCGTTCTCTGAGAGG-1"	"SeuratProject"	24878	5432	23026	5347	"WT_2"	"WT"	"G1"
"ACGGTCGGTACAGTTC-1"	"SeuratProject"	27352	5273	23106	5221	"WT_2"	"WT"	"G1"
"ACGTCCTAGTCACACT-1"	"SeuratProject"	23215	5005	22724	4964	"HOM_1"	"HOM"	"G1"
"ACGTCCTCAAAGCTAA-1"	"SeuratProject"	21170	4783	21661	4686	"WT_1"	"WT"	"G1"
"ACGTTCCTCACGAACT-1"	"SeuratProject"	16480	4067	21589	4043	"WT_2"	"WT"	"G1"
"ACGTTCCTCCAAGAGG-1"	"SeuratProject"	18722	4462	21440	4413	"WT_2"	"WT"	"G1"
"ACTACGACAACTCGAT-1"	"SeuratProject"	6843	2283	20106	3844	"WT_2"	"WT"	"G1"
"ACTCCCACACTAAACC-1"	"SeuratProject"	24892	5446	23094	5390	"WT_2"	"WT"	"G1"
"ACTCTCGCAACGATCT-1"	"SeuratProject"	19494	4923	21459	4901	"WT_1"	"WT"	"G1"
"ACTGTGAAGACTCATC-1"	"SeuratProject"	18111	4390	21483	4355	"HOM_1"	"HOM"	"G1"
"ACTGTGACAACCGGAA-1"	"SeuratProject"	29080	5531	23071	5481	"WT_1"	"WT"	"G1"
"ACTTCGCTCGTGGCTG-1"	"SeuratProject"	2080	970	22414	5197	"HOM_1"	"HOM"	"G1"
"ACTTTGTCAATCGTCA-1"	"SeuratProject"	16980	4372	21497	4351	"WT_2"	"WT"	"G1"
"ACTTTGTGTCTCAAGT-1"	"SeuratProject"	25017	5258	23035	5195	"WT_2"	"WT"	"G1"
"ACTTTGTTCCTAGCGG-1"	"SeuratProject"	3323	1405	21647	4586	"HOM_1"	"HOM"	"G1"
"AGAACAACAGGTGACA-1"	"SeuratProject"	27045	5333	23069	5278	"HOM_2"	"HOM"	"G1"
"AGAAGCGGTAGCTAAA-1"	"SeuratProject"	21657	4906	21871	4838	"WT_1"	"WT"	"G1"
"AGACACTCACGATTCA-1"	"SeuratProject"	22400	4816	22347	4777	"WT_1"	"WT"	"G1"
"AGAGAATTCCATCTAT-1"	"SeuratProject"	28254	6008	23156	5884	"WT_1"	"WT"	"G1"
"AGAGCAGGTAGCTGCC-1"	"SeuratProject"	28087	5189	23018	5139	"HOM_2"	"HOM"	"G1"
"AGAGCAGTCTCACTCG-1"	"SeuratProject"	20596	4430	21693	4399	"WT_1"	"WT"	"G1"
"AGATCGTGTGCTTCAA-1"	"SeuratProject"	24483	5677	23101	5637	"HOM_1"	"HOM"	"G2M"
"AGCCACGTCGGAGTAG-1"	"SeuratProject"	15818	3978	21625	3971	"WT_1"	"WT"	"G1"
"AGCCAGCAGAATAACC-1"	"SeuratProject"	11554	2771	20922	3396	"HOM_1"	"HOM"	"G1"
"AGCCAGCCAATAGAGT-1"	"SeuratProject"	22046	4792	22072	4753	"WT_2"	"WT"	"G1"
"AGCGTCGCATGGGATG-1"	"SeuratProject"	15870	4618	21405	4600	"WT_1"	"WT"	"G2M"
"AGCTACATCGTAATGC-1"	"SeuratProject"	12269	3327	21858	3567	"HOM_1"	"HOM"	"G1"
"AGGATAATCCTACTGC-1"	"SeuratProject"	27007	5105	23052	5071	"WT_1"	"WT"	"G1"
"AGGATCTCATGAGTAA-1"	"SeuratProject"	12909	2044	22284	2525	"HOM_1"	"HOM"	"G1"
"AGGCATTCATATGAAG-1"	"SeuratProject"	28415	5373	23045	5322	"HOM_2"	"HOM"	"G1"
"AGGGCCTAGTACCGGA-1"	"SeuratProject"	17735	4155	21564	4131	"WT_2"	"WT"	"G1"
"AGGGCCTGTACAGAGC-1"	"SeuratProject"	18624	4373	21559	4354	"HOM_2"	"HOM"	"G1"
"AGGTTACCAGGCACAA-1"	"SeuratProject"	20855	4728	21691	4696	"HOM_2"	"HOM"	"G1"
"AGTACTGGTATCGTTG-1"	"SeuratProject"	9889	2529	22182	3270	"WT_1"	"WT"	"G1"
"AGTGATCAGGACTAAT-1"	"SeuratProject"	31792	5871	23015	5757	"HOM_2"	"HOM"	"G1"
"AGTGCCGAGTCAACAA-1"	"SeuratProject"	21519	4885	21887	4848	"WT_1"	"WT"	"G1"
"AGTTAGCTCCGCATAA-1"	"SeuratProject"	25820	5175	23075	5140	"HOM_2"	"HOM"	"G1"
"AGTTCCCCACGGCGTT-1"	"SeuratProject"	30975	5417	22976	5312	"WT_2"	"WT"	"G1"
"AGTTCCCCAGTAGATA-1"	"SeuratProject"	23929	5043	22899	5003	"HOM_2"	"HOM"	"G1"
"ATAGGCTGTCCCTGAG-1"	"SeuratProject"	20686	4667	21677	4636	"HOM_1"	"HOM"	"G1"
"ATCACGACAGAGAATT-1"	"SeuratProject"	27369	5062	23062	5034	"HOM_1"	"HOM"	"G1"
"ATCACGACAGTTAGAA-1"	"SeuratProject"	10726	3285	21570	3647	"WT_1"	"WT"	"G1"
"ATCACTTAGCACCGAA-1"	"SeuratProject"	15382	3785	21479	3753	"WT_2"	"WT"	"G1"
"ATCACTTGTAACTAAG-1"	"SeuratProject"	26904	5353	23026	5253	"WT_1"	"WT"	"G1"
"ATCCACCCAGCTATTG-1"	"SeuratProject"	27643	5655	23128	5581	"WT_1"	"WT"	"G1"
"ATCCATTTCGACGACC-1"	"SeuratProject"	23181	5297	22719	5231	"HOM_1"	"HOM"	"S"
"ATCCGTCGTTTCTATC-1"	"SeuratProject"	25989	5279	23069	5219	"HOM_1"	"HOM"	"G1"
"ATCCTATAGGTGATAT-1"	"SeuratProject"	25477	5236	23084	5186	"HOM_2"	"HOM"	"G1"
"ATCCTATGTTGTTGCA-1"	"SeuratProject"	42355	6288	22912	5434	"HOM_1"	"HOM"	"G1"
"ATCGCCTCAAGAGCTG-1"	"SeuratProject"	19181	4295	21571	4276	"WT_1"	"WT"	"G1"
"ATCGCCTGTCACAGAG-1"	"SeuratProject"	20287	4455	21593	4419	"HOM_2"	"HOM"	"G1"
"ATCGGATCAGGTCCCA-1"	"SeuratProject"	23269	4892	22742	4857	"HOM_2"	"HOM"	"G1"
"ATCGGCGCAAGCGAAC-1"	"SeuratProject"	33564	5845	22813	5650	"HOM_2"	"HOM"	"G1"
"ATCGGCGGTTCTAACG-1"	"SeuratProject"	18896	4372	21567	4342	"HOM_2"	"HOM"	"G1"
"ATCGGCGTCACTACTT-1"	"SeuratProject"	30078	6092	23164	5979	"WT_2"	"WT"	"G1"
"ATCGGCGTCGACCATA-1"	"SeuratProject"	29771	6326	23112	6168	"WT_1"	"WT"	"G1"
"ATCTCTATCGATACGT-1"	"SeuratProject"	16680	4521	21399	4476	"WT_2"	"WT"	"G1"
"ATCTTCACAATTTCGG-1"	"SeuratProject"	19854	4641	21555	4604	"HOM_1"	"HOM"	"G1"
"ATGAAAGGTCGGTGAA-1"	"SeuratProject"	15273	4509	21189	4507	"WT_1"	"WT"	"G2M"
"ATGAAAGTCGGCATTA-1"	"SeuratProject"	25127	5220	23057	5167	"HOM_1"	"HOM"	"G1"
"ATGATCGGTAAGCAAT-1"	"SeuratProject"	19426	5196	21312	5145	"HOM_1"	"HOM"	"G1"
"ATGATCGTCTAGACAC-1"	"SeuratProject"	20529	5008	21557	4953	"HOM_1"	"HOM"	"G1"
"ATGGAGGAGTCTTGGT-1"	"SeuratProject"	25734	5010	23082	4982	"WT_1"	"WT"	"G1"
"ATGGAGGCATCCGTTC-1"	"SeuratProject"	15684	4412	21360	4391	"HOM_2"	"HOM"	"G1"
"ATGGGTTGTTGACGGA-1"	"SeuratProject"	25639	4821	23041	4788	"HOM_2"	"HOM"	"G1"
"ATTACCTTCCATCGTC-1"	"SeuratProject"	28342	5534	23153	5490	"WT_2"	"WT"	"G1"
"ATTCTTGCATGTGACT-1"	"SeuratProject"	20519	4554	21641	4517	"WT_1"	"WT"	"G1"
"ATTTACCTCACTGATG-1"	"SeuratProject"	41697	6716	23227	5931	"HOM_1"	"HOM"	"G1"
"CAACAACAGACATAGT-1"	"SeuratProject"	30621	5775	23107	5708	"HOM_1"	"HOM"	"G1"
"CAACAACAGCGCCTTG-1"	"SeuratProject"	28682	5446	23024	5405	"WT_1"	"WT"	"G1"
"CAACAGTTCCTTATGT-1"	"SeuratProject"	27388	5643	23111	5586	"HOM_1"	"HOM"	"G1"
"CAAGGGACAGCGTTTA-1"	"SeuratProject"	34754	6312	22895	5987	"HOM_2"	"HOM"	"G1"
"CAATGACGTCTGTGTA-1"	"SeuratProject"	3935	1625	20502	4251	"WT_1"	"WT"	"G1"
"CACTGGGAGAATAGTC-1"	"SeuratProject"	21525	4577	21884	4541	"HOM_2"	"HOM"	"G1"
"CACTGGGTCTTGCAAG-1"	"SeuratProject"	15100	3901	21679	3918	"HOM_2"	"HOM"	"G1"
"CACTGTCAGAAACCCG-1"	"SeuratProject"	38031	6158	23139	5584	"WT_2"	"WT"	"G1"
"CACTGTCTCTGGTCAA-1"	"SeuratProject"	9662	2981	21771	3604	"WT_2"	"WT"	"G1"
"CACTTCGCATCATCTT-1"	"SeuratProject"	27248	5219	23075	5175	"HOM_1"	"HOM"	"G1"
"CAGATACAGGACGCAT-1"	"SeuratProject"	40484	6002	22976	5240	"WT_1"	"WT"	"G1"
"CAGATACAGTAGCCAG-1"	"SeuratProject"	18585	4466	21517	4450	"WT_2"	"WT"	"G1"
"CAGATACGTACAGAGC-1"	"SeuratProject"	19977	4615	21533	4594	"WT_1"	"WT"	"G1"
"CAGATTGTCACAGAGG-1"	"SeuratProject"	23058	4896	22679	4853	"WT_1"	"WT"	"G1"
"CAGCAATCACTATCCC-1"	"SeuratProject"	39910	6188	23027	5498	"WT_2"	"WT"	"G1"
"CAGCAGCCAATAGGAT-1"	"SeuratProject"	26561	5115	23082	5054	"WT_2"	"WT"	"G1"
"CAGCGTGAGTATGAGT-1"	"SeuratProject"	16417	4185	21509	4150	"WT_2"	"WT"	"G1"
"CAGTTAGCAAGCAATA-1"	"SeuratProject"	12178	3504	21794	3688	"WT_2"	"WT"	"G1"
"CAGTTAGGTTTGGAAA-1"	"SeuratProject"	21422	4678	21852	4652	"HOM_2"	"HOM"	"G1"
"CATAAGCTCATCGCCT-1"	"SeuratProject"	36242	6137	23055	5798	"HOM_1"	"HOM"	"G1"
"CATAGACCAATCGTCA-1"	"SeuratProject"	24678	5725	22927	5575	"WT_2"	"WT"	"G1"
"CATCCACAGCCGGAAT-1"	"SeuratProject"	3373	1336	22394	4586	"HOM_1"	"HOM"	"G1"
"CATCCGTAGAGCACTG-1"	"SeuratProject"	15221	3932	21616	3926	"WT_1"	"WT"	"G1"
"CATCGGGTCTTCACAT-1"	"SeuratProject"	33502	6039	22911	5860	"HOM_2"	"HOM"	"G1"
"CATGCAAGTAGGTGCA-1"	"SeuratProject"	27395	5264	23055	5212	"HOM_1"	"HOM"	"G1"
"CATGCCTAGAAGGCTC-1"	"SeuratProject"	36949	6306	23120	5844	"WT_1"	"WT"	"G1"
"CATGCCTTCAATCAGC-1"	"SeuratProject"	27557	5273	23106	5234	"WT_2"	"WT"	"G1"
"CATTGCCCACAACATC-1"	"SeuratProject"	2119	1071	22366	5168	"WT_1"	"WT"	"G1"
"CATTTCAGTAGATTGA-1"	"SeuratProject"	18819	4421	21516	4386	"HOM_1"	"HOM"	"G1"
"CCACAAAAGGCATTTC-1"	"SeuratProject"	25807	5438	23091	5373	"WT_2"	"WT"	"G1"
"CCACGTTCATGCAGGA-1"	"SeuratProject"	23122	4863	22618	4823	"WT_2"	"WT"	"G1"
"CCATAAGCATGGAATA-1"	"SeuratProject"	20706	4769	21670	4734	"WT_2"	"WT"	"G1"
"CCCAACTGTCTGATAC-1"	"SeuratProject"	25478	5185	23024	5141	"WT_1"	"WT"	"G1"
"CCCATTGGTACGGCAA-1"	"SeuratProject"	21365	4961	21825	4938	"WT_2"	"WT"	"G1"
"CCCGGAAGTAACCCGC-1"	"SeuratProject"	21039	4681	21753	4658	"WT_1"	"WT"	"G1"
"CCCTAACGTCTTGCTC-1"	"SeuratProject"	22689	4779	22533	4752	"HOM_2"	"HOM"	"G1"
"CCGATGGCAAACACCT-1"	"SeuratProject"	18227	4074	21637	4044	"WT_2"	"WT"	"G1"
"CCGCAAGAGGGTCTTT-1"	"SeuratProject"	25269	5091	23041	5043	"WT_2"	"WT"	"G1"
"CCGCAAGGTCAAGCGA-1"	"SeuratProject"	21061	4365	21772	4325	"WT_1"	"WT"	"G1"
"CCGGACAGTTCCGGTG-1"	"SeuratProject"	13862	3881	21647	3918	"HOM_1"	"HOM"	"G1"
"CCTAACCGTCTGGTTA-1"	"SeuratProject"	28452	5792	23121	5722	"WT_2"	"WT"	"G1"
"CCTACGTCACTGTGAT-1"	"SeuratProject"	23527	4803	22789	4760	"WT_1"	"WT"	"G1"
"CCTCAACAGGCATCAG-1"	"SeuratProject"	24794	5037	23031	5009	"WT_1"	"WT"	"G1"
"CCTCAACTCATCGGGC-1"	"SeuratProject"	17585	4079	21535	4062	"WT_1"	"WT"	"G1"
"CCTGCATTCCTGGTCT-1"	"SeuratProject"	20140	4531	21615	4505	"HOM_2"	"HOM"	"G1"
"CGAAGGAGTCGCTTGG-1"	"SeuratProject"	17831	4265	21507	4241	"HOM_2"	"HOM"	"G1"
"CGAAGTTCACAATGTC-1"	"SeuratProject"	17044	4180	21512	4168	"WT_1"	"WT"	"G1"
"CGAATTGAGTACTCGT-1"	"SeuratProject"	19595	4597	21447	4558	"HOM_1"	"HOM"	"G1"
"CGAGGCTTCCATTTGT-1"	"SeuratProject"	39816	6648	23218	5971	"WT_2"	"WT"	"G1"
"CGAGTGCCAAATAGCA-1"	"SeuratProject"	23662	5612	22916	5566	"WT_1"	"WT"	"G2M"
"CGAGTGCGTAGCGTCC-1"	"SeuratProject"	21526	4976	21841	4930	"WT_2"	"WT"	"G1"
"CGATCGGGTTCAGCTA-1"	"SeuratProject"	18739	4070	21504	4010	"HOM_1"	"HOM"	"G1"
"CGATCGGTCTCTCTAA-1"	"SeuratProject"	20303	5268	21436	5229	"WT_1"	"WT"	"G2M"
"CGATGCGTCGGAATTC-1"	"SeuratProject"	23548	5016	22737	4919	"HOM_2"	"HOM"	"G1"
"CGATGGCCAAACTCTG-1"	"SeuratProject"	22507	4698	22403	4657	"WT_2"	"WT"	"G1"
"CGCCAGAAGGTTCATC-1"	"SeuratProject"	28562	5315	23034	5269	"HOM_2"	"HOM"	"G1"
"CGCGTGAAGACCCGCT-1"	"SeuratProject"	39272	7047	23339	6500	"HOM_1"	"HOM"	"G2M"
"CGGAATTAGCGTGCCT-1"	"SeuratProject"	16244	4118	21604	4102	"WT_2"	"WT"	"G1"
"CGGAGAAAGTATTCCG-1"	"SeuratProject"	16763	4145	21568	4124	"HOM_2"	"HOM"	"G1"
"CGGCAGTAGAACCGCA-1"	"SeuratProject"	23376	5184	22785	5145	"WT_1"	"WT"	"G1"
"CGGCAGTGTATGTGTC-1"	"SeuratProject"	22364	4569	22333	4548	"HOM_2"	"HOM"	"G1"
"CGGGTCAGTGTGTACT-1"	"SeuratProject"	25820	4856	23031	4822	"HOM_2"	"HOM"	"G1"
"CGGGTGTCATATCTCT-1"	"SeuratProject"	17518	4033	21636	4015	"HOM_2"	"HOM"	"G1"
"CGGGTGTTCTAATTCC-1"	"SeuratProject"	28057	5691	23030	5571	"WT_1"	"WT"	"G1"
"CGGTCAGGTGACATCT-1"	"SeuratProject"	22990	4572	22638	4547	"WT_1"	"WT"	"G1"
"CGTAAGTTCTGTCCCA-1"	"SeuratProject"	25552	5241	23066	5208	"WT_1"	"WT"	"G1"
"CGTCAAAAGTATTCCG-1"	"SeuratProject"	19987	4645	21577	4611	"HOM_2"	"HOM"	"G1"
"CGTTAGACATGGGATG-1"	"SeuratProject"	34978	5705	23004	5397	"HOM_2"	"HOM"	"G1"
"CGTTCTGTCGTTCTAT-1"	"SeuratProject"	16406	3703	21630	3700	"HOM_1"	"HOM"	"G1"
"CTAACCCAGCCGTCGT-1"	"SeuratProject"	2800	1458	19526	4934	"HOM_1"	"HOM"	"G1"
"CTAACCCAGTCCCAAT-1"	"SeuratProject"	31659	6067	23074	5959	"WT_1"	"WT"	"G1"
"CTAACCCGTGAGCAGT-1"	"SeuratProject"	24484	5146	22982	5108	"WT_2"	"WT"	"G1"
"CTAAGTGCAACTAGAA-1"	"SeuratProject"	4185	1904	20894	4404	"WT_2"	"WT"	"G1"
"CTACCCACAGTAACAA-1"	"SeuratProject"	29733	5470	23072	5400	"HOM_2"	"HOM"	"G1"
"CTACTATAGCGACTTT-1"	"SeuratProject"	29163	5762	23013	5680	"HOM_2"	"HOM"	"G1"
"CTACTATCAATACGAA-1"	"SeuratProject"	21543	4622	21915	4596	"HOM_2"	"HOM"	"G1"
"CTATCCGAGGGACTGT-1"	"SeuratProject"	16499	4241	21567	4226	"WT_2"	"WT"	"G1"
"CTCAAGACACCCTGTT-1"	"SeuratProject"	34344	6259	22986	6027	"WT_1"	"WT"	"G1"
"CTCAAGAGTGTTAAAG-1"	"SeuratProject"	16060	4080	21636	4065	"HOM_2"	"HOM"	"G1"
"CTCAATTCAATCGCAT-1"	"SeuratProject"	24142	4910	22897	4866	"WT_2"	"WT"	"G1"
"CTCACTGGTAGTTAGA-1"	"SeuratProject"	18513	4609	21471	4576	"WT_1"	"WT"	"G1"
"CTCATCGTCGTACACA-1"	"SeuratProject"	14510	3752	21418	3762	"HOM_1"	"HOM"	"G1"
"CTCCATGCATCACAGT-1"	"SeuratProject"	2761	1493	20776	5025	"HOM_1"	"HOM"	"G1"
"CTCCATGTCCTCTAAT-1"	"SeuratProject"	16080	4408	21453	4391	"WT_1"	"WT"	"G1"
"CTCCCTCGTACTCGCG-1"	"SeuratProject"	16716	4619	21360	4600	"WT_2"	"WT"	"G1"
"CTCCCTCTCAAGTAAG-1"	"SeuratProject"	3762	1764	19726	4374	"WT_1"	"WT"	"G1"
"CTCCTTTAGGAGCTGT-1"	"SeuratProject"	22791	4928	22502	4873	"HOM_1"	"HOM"	"G1"
"CTCTCGAGTTTGCCGG-1"	"SeuratProject"	30003	6125	23142	6034	"HOM_1"	"HOM"	"G1"
"CTGATCCTCCAGCCTT-1"	"SeuratProject"	20615	4670	21640	4621	"WT_2"	"WT"	"G1"
"CTGATCCTCTGAGGCC-1"	"SeuratProject"	10633	3269	21555	3675	"WT_2"	"WT"	"G1"
"CTGCATCGTCGTGGTC-1"	"SeuratProject"	17179	4129	21552	4114	"HOM_2"	"HOM"	"G1"
"CTGCCATTCCTCTTTC-1"	"SeuratProject"	13729	4104	21474	4150	"WT_2"	"WT"	"G1"
"CTGCGAGAGGCTCACC-1"	"SeuratProject"	3426	1409	22091	4556	"HOM_2"	"HOM"	"G1"
"CTGCTCACAGCCGTCA-1"	"SeuratProject"	45771	6512	22802	5232	"HOM_1"	"HOM"	"G1"
"CTGTAGAGTCTCACAA-1"	"SeuratProject"	25143	5102	23014	5059	"HOM_1"	"HOM"	"G1"
"CTGTGAATCGTCTCAC-1"	"SeuratProject"	25490	5387	23065	5329	"WT_2"	"WT"	"G1"
"CTGTGGGAGGTATTGA-1"	"SeuratProject"	17411	4337	21452	4306	"WT_1"	"WT"	"G1"
"CTTACCGGTCGTAATC-1"	"SeuratProject"	14368	3905	21346	3958	"HOM_2"	"HOM"	"G1"
"CTTCCTTAGGCTTAAA-1"	"SeuratProject"	10758	3619	20418	4184	"WT_2"	"WT"	"G1"
"CTTCTAATCTAATTCC-1"	"SeuratProject"	24633	5225	23024	5181	"WT_1"	"WT"	"G1"
"CTTCTCTTCATTGCGA-1"	"SeuratProject"	20903	4892	21661	4868	"HOM_2"	"HOM"	"G1"
"CTTTCAAAGAATGTTG-1"	"SeuratProject"	21466	4851	21857	4813	"HOM_2"	"HOM"	"G1"
"GAAATGAGTGAGGATC-1"	"SeuratProject"	21801	4858	21957	4822	"WT_1"	"WT"	"G1"
"GAAATGAGTTGTGGCC-1"	"SeuratProject"	19685	4345	21576	4320	"WT_1"	"WT"	"G1"
"GAACACTGTAGCGAGT-1"	"SeuratProject"	20484	4494	21653	4466	"WT_2"	"WT"	"G1"
"GAACGTTGTGAACGGT-1"	"SeuratProject"	31726	5543	22978	5460	"HOM_2"	"HOM"	"G1"
"GAAGCCCAGTTAACAG-1"	"SeuratProject"	26805	5315	23119	5251	"WT_2"	"WT"	"G1"
"GAATCACAGAGGTCGT-1"	"SeuratProject"	17103	4266	21452	4250	"WT_2"	"WT"	"G1"
"GACCCAGAGGCTTAAA-1"	"SeuratProject"	2539	1363	19694	5174	"WT_2"	"WT"	"S"
"GACGCTGTCCGTAATG-1"	"SeuratProject"	18393	4486	21514	4465	"WT_1"	"WT"	"G1"
"GACTCAATCCCTCTCC-1"	"SeuratProject"	19547	4626	21490	4552	"WT_1"	"WT"	"G1"
"GACTCTCCACGAAAGC-1"	"SeuratProject"	22414	4914	22358	4881	"HOM_1"	"HOM"	"G1"
"GACTCTCTCTAGGCAT-1"	"SeuratProject"	21121	4769	21769	4728	"HOM_1"	"HOM"	"G1"
"GACTGATAGGTGGCTA-1"	"SeuratProject"	22354	5249	22187	5116	"WT_1"	"WT"	"G1"
"GACTTCCAGAGACAAG-1"	"SeuratProject"	26786	5425	23064	5358	"WT_2"	"WT"	"G1"
"GACTTCCCAAGTATAG-1"	"SeuratProject"	26482	5502	23127	5462	"HOM_2"	"HOM"	"G1"
"GAGGCAACATGTGGTT-1"	"SeuratProject"	5299	2054	20266	4067	"WT_2"	"WT"	"G1"
"GAGTCTATCGCTTGAA-1"	"SeuratProject"	18894	4520	21504	4502	"WT_1"	"WT"	"G1"
"GATCACACAAGAAATC-1"	"SeuratProject"	31693	6557	23116	6372	"WT_2"	"WT"	"G1"
"GATCACAGTCGAGTTT-1"	"SeuratProject"	28085	5933	23194	5866	"WT_1"	"WT"	"G1"
"GATCACATCGCCTAGG-1"	"SeuratProject"	19281	4549	21461	4467	"WT_1"	"WT"	"G1"
"GATCAGTAGGATACGC-1"	"SeuratProject"	20496	4387	21684	4359	"WT_2"	"WT"	"G1"
"GATCAGTTCAACGTGT-1"	"SeuratProject"	18696	4293	21562	4267	"WT_1"	"WT"	"G1"
"GATCATGAGTAGAGTT-1"	"SeuratProject"	17715	4393	21519	4373	"HOM_1"	"HOM"	"G1"
"GATGACTAGTATCCTG-1"	"SeuratProject"	18432	4459	21531	4428	"WT_1"	"WT"	"G1"
"GATGACTAGTGGAAGA-1"	"SeuratProject"	23964	4726	22871	4696	"HOM_2"	"HOM"	"G1"
"GATGAGGGTACGAAAT-1"	"SeuratProject"	27337	5617	23123	5551	"WT_2"	"WT"	"G1"
"GATGTTGAGATAGGGA-1"	"SeuratProject"	25388	5224	23060	5195	"HOM_1"	"HOM"	"G1"
"GATGTTGCAAGCAGGT-1"	"SeuratProject"	24530	4982	22999	4947	"WT_1"	"WT"	"G1"
"GATTTCTAGGACGGAG-1"	"SeuratProject"	35125	5925	23072	5655	"WT_1"	"WT"	"G1"
"GATTTCTCAGACCTAT-1"	"SeuratProject"	20202	4512	21578	4482	"WT_1"	"WT"	"G1"
"GCAACATGTTCATCGA-1"	"SeuratProject"	26299	6143	23099	5995	"WT_2"	"WT"	"G1"
"GCACATAGTCTTCAAG-1"	"SeuratProject"	21618	4818	21908	4785	"WT_2"	"WT"	"G1"
"GCACATATCTCGCAGG-1"	"SeuratProject"	37405	6960	23107	6378	"WT_1"	"WT"	"S"
"GCAGCCATCGCTACAA-1"	"SeuratProject"	24324	4840	22965	4819	"HOM_2"	"HOM"	"G1"
"GCATCGGAGGTGCTGA-1"	"SeuratProject"	15217	4170	21473	4168	"WT_2"	"WT"	"G1"
"GCATCGGTCTCAACCC-1"	"SeuratProject"	4685	1824	22042	4219	"WT_2"	"WT"	"G1"
"GCATCTCCAGCACACC-1"	"SeuratProject"	41404	6199	23029	5402	"HOM_2"	"HOM"	"G1"
"GCATCTCTCTTAGGAC-1"	"SeuratProject"	13631	2722	20981	3038	"WT_1"	"WT"	"G1"
"GCCAGGTAGATGAACT-1"	"SeuratProject"	9352	3360	21077	4043	"WT_1"	"WT"	"G1"
"GCCATTCTCGTTCGCT-1"	"SeuratProject"	22998	4910	22607	4861	"HOM_1"	"HOM"	"G1"
"GCCCGAATCAATCAGC-1"	"SeuratProject"	18772	4393	21485	4358	"WT_1"	"WT"	"G1"
"GCCTGTTAGCTCCCTT-1"	"SeuratProject"	38936	6194	23121	5645	"WT_1"	"WT"	"G1"
"GCGAGAACATGTGACT-1"	"SeuratProject"	17561	4122	21607	4109	"WT_2"	"WT"	"G1"
"GCGATCGCAATCTAGC-1"	"SeuratProject"	37610	6510	23284	6032	"HOM_2"	"HOM"	"G2M"
"GCGGAAAAGCAACCAG-1"	"SeuratProject"	34340	5947	22975	5685	"WT_1"	"WT"	"G1"
"GCGGAAAGTAACCCGC-1"	"SeuratProject"	28480	5513	23067	5459	"HOM_1"	"HOM"	"G1"
"GCGGATCAGCATAGGC-1"	"SeuratProject"	15829	3936	21655	3939	"WT_2"	"WT"	"G1"
"GCGGATCCAGTTCTAG-1"	"SeuratProject"	25826	4879	23041	4834	"HOM_1"	"HOM"	"G1"
"GCGTGCATCTGCTAGA-1"	"SeuratProject"	27267	5422	23120	5378	"WT_1"	"WT"	"G1"
"GCTCAAACACCCTTAC-1"	"SeuratProject"	23656	5087	22843	5039	"HOM_2"	"HOM"	"G1"
"GCTGAATCATGTTACG-1"	"SeuratProject"	5107	2134	19952	4168	"HOM_1"	"HOM"	"G1"
"GCTGCAGAGCATATGA-1"	"SeuratProject"	33558	5990	22887	5830	"HOM_2"	"HOM"	"G1"
"GCTTGGGCACTCTGCT-1"	"SeuratProject"	28350	5518	23082	5462	"WT_1"	"WT"	"G1"
"GGAATCTAGGTTGTTC-1"	"SeuratProject"	31598	5913	23003	5803	"HOM_2"	"HOM"	"G1"
"GGATCTACATGACTTG-1"	"SeuratProject"	13342	3709	21471	3765	"WT_2"	"WT"	"G1"
"GGATGTTAGTGTAGTA-1"	"SeuratProject"	13231	3656	21778	3736	"WT_2"	"WT"	"G1"
"GGATGTTGTGCGTGCT-1"	"SeuratProject"	29324	5437	23015	5372	"HOM_2"	"HOM"	"G1"
"GGATGTTTCTTTGCAT-1"	"SeuratProject"	25266	5082	22993	5028	"WT_1"	"WT"	"G1"
"GGCGTCAAGAGGTTAT-1"	"SeuratProject"	20154	4595	21569	4556	"WT_1"	"WT"	"G1"
"GGCTGTGTCCTCATAT-1"	"SeuratProject"	28879	5540	23050	5503	"HOM_2"	"HOM"	"G1"
"GGGAGTATCTGCGAGC-1"	"SeuratProject"	23989	5596	22990	5544	"WT_2"	"WT"	"G2M"
"GGGCCATAGGTCGTAG-1"	"SeuratProject"	21166	4648	21799	4615	"HOM_2"	"HOM"	"G1"
"GGGTGAATCAGACCGC-1"	"SeuratProject"	23313	4905	22718	4858	"WT_1"	"WT"	"G1"
"GGGTTATGTGTCATTG-1"	"SeuratProject"	6094	1908	22216	3801	"HOM_1"	"HOM"	"G1"
"GGTAACTGTATCGCTA-1"	"SeuratProject"	24419	5084	22973	5044	"HOM_2"	"HOM"	"G1"
"GGTAACTGTCTGTGAT-1"	"SeuratProject"	18772	4396	21537	4356	"HOM_1"	"HOM"	"G1"
"GGTGATTGTCGATTTG-1"	"SeuratProject"	29537	5831	23116	5774	"HOM_2"	"HOM"	"G1"
"GGTGTTAGTCTCACGG-1"	"SeuratProject"	21089	4371	21781	4344	"WT_1"	"WT"	"G1"
"GGTTAACAGCCTCCAG-1"	"SeuratProject"	20820	4923	21635	4890	"WT_1"	"WT"	"G1"
"GGTTAACCACTGTGAT-1"	"SeuratProject"	21168	5352	21606	5251	"WT_1"	"WT"	"G1"
"GGTTGTAGTTCGTTCC-1"	"SeuratProject"	21898	4503	22063	4481	"HOM_2"	"HOM"	"G1"
"GTAACACCAACCGCTG-1"	"SeuratProject"	24164	4942	22934	4906	"HOM_2"	"HOM"	"G1"
"GTAACCAGTGTACGCC-1"	"SeuratProject"	32623	5639	22953	5500	"HOM_1"	"HOM"	"G1"
"GTAAGTCGTGAGGAAA-1"	"SeuratProject"	25696	5431	23129	5383	"WT_2"	"WT"	"G1"
"GTAATGCTCTCGTGGG-1"	"SeuratProject"	19185	4508	21504	4473	"WT_2"	"WT"	"G1"
"GTACAGTTCTAGCATG-1"	"SeuratProject"	31243	5698	23016	5612	"HOM_1"	"HOM"	"G1"
"GTAGATCCAACCGCCA-1"	"SeuratProject"	18786	4468	21535	4448	"HOM_2"	"HOM"	"G1"
"GTAGCTACAGCTGTAT-1"	"SeuratProject"	28546	5420	23088	5356	"WT_2"	"WT"	"G1"
"GTAGCTAGTTGGCCGT-1"	"SeuratProject"	9364	2835	21808	3522	"WT_1"	"WT"	"G1"
"GTCCACTTCACCTACC-1"	"SeuratProject"	14815	3887	21500	3856	"WT_1"	"WT"	"G1"
"GTCCTCATCGTCCATC-1"	"SeuratProject"	22188	5289	22142	5229	"WT_2"	"WT"	"G1"
"GTCGAATTCGAGAGAC-1"	"SeuratProject"	26982	5273	23087	5237	"WT_1"	"WT"	"G1"
"GTCTAGACACTGATTG-1"	"SeuratProject"	11385	3538	21772	3783	"WT_2"	"WT"	"G1"
"GTCTGTCCAACGGTAG-1"	"SeuratProject"	26980	5269	23084	5231	"HOM_2"	"HOM"	"G1"
"GTGACGCCACCCATAA-1"	"SeuratProject"	19804	4480	21614	4452	"WT_2"	"WT"	"G1"
"GTGACGCTCACTCCGT-1"	"SeuratProject"	5956	1501	23144	3596	"WT_1"	"WT"	"G1"
"GTGAGCCAGCCTAGGA-1"	"SeuratProject"	41286	6987	23110	6184	"HOM_2"	"HOM"	"G1"
"GTGAGCCGTCGAGTGA-1"	"SeuratProject"	12878	3109	21296	3337	"WT_2"	"WT"	"G1"
"GTGAGTTTCTCAATCT-1"	"SeuratProject"	27771	5697	23199	5643	"WT_1"	"WT"	"G1"
"GTGCACGCATCCGTGG-1"	"SeuratProject"	29813	5715	23126	5603	"HOM_1"	"HOM"	"G2M"
"GTGCGTGGTTATAGAG-1"	"SeuratProject"	24975	5278	23041	5224	"WT_1"	"WT"	"G1"
"GTGCGTGTCGACCAAT-1"	"SeuratProject"	20406	4185	21706	4164	"HOM_2"	"HOM"	"G1"
"GTGGAGACACTTTAGG-1"	"SeuratProject"	17612	4199	21519	4157	"HOM_2"	"HOM"	"G1"
"GTGGAGACATGAGTAA-1"	"SeuratProject"	19296	4592	21537	4562	"HOM_1"	"HOM"	"G1"
"GTGGGAAAGAAATGGG-1"	"SeuratProject"	21556	4946	21905	4912	"HOM_2"	"HOM"	"G1"
"GTGGTTACAAGAAATC-1"	"SeuratProject"	25026	5331	23039	5280	"HOM_2"	"HOM"	"G1"
"GTGTTAGGTCTGATAC-1"	"SeuratProject"	17629	4218	21531	4198	"WT_1"	"WT"	"G1"
"GTGTTCCGTCATGGCC-1"	"SeuratProject"	23754	4682	22821	4644	"HOM_2"	"HOM"	"G1"
"GTTCATTTCGGTGTAT-1"	"SeuratProject"	22327	5101	22274	5056	"HOM_2"	"HOM"	"G1"
"GTTGCGGAGTGAGGCT-1"	"SeuratProject"	6923	2925	20345	4226	"WT_1"	"WT"	"G1"
"GTTGCTCAGAGGGTAA-1"	"SeuratProject"	19116	4458	21515	4424	"WT_1"	"WT"	"G1"
"GTTGCTCAGCCTGACC-1"	"SeuratProject"	38483	6747	23228	6076	"HOM_1"	"HOM"	"G2M"
"GTTGTGAGTAGTACGG-1"	"SeuratProject"	25997	5153	23086	5117	"WT_1"	"WT"	"G1"
"GTTTACTAGTCAGAGC-1"	"SeuratProject"	20123	4766	21566	4743	"WT_2"	"WT"	"G1"
"GTTTGGAAGCTGTACT-1"	"SeuratProject"	16148	4186	21584	4165	"WT_2"	"WT"	"G1"
"GTTTGGACAAATGCTC-1"	"SeuratProject"	29712	5591	23082	5521	"HOM_2"	"HOM"	"G1"
"TAACACGCATATGCGT-1"	"SeuratProject"	32603	5821	23027	5695	"WT_2"	"WT"	"G1"
"TAACGACGTTCGATTG-1"	"SeuratProject"	24104	5056	22946	5024	"WT_1"	"WT"	"G1"
"TAAGCCATCTGTGCTC-1"	"SeuratProject"	21114	4595	21782	4565	"HOM_1"	"HOM"	"G1"
"TAAGCGTCAACACAAA-1"	"SeuratProject"	19278	4673	21482	4651	"WT_1"	"WT"	"G1"
"TAAGTCGGTACCTATG-1"	"SeuratProject"	29264	6037	22976	5912	"HOM_2"	"HOM"	"G1"
"TAATCTCCAGGCGAAT-1"	"SeuratProject"	25470	5122	23109	5094	"HOM_2"	"HOM"	"G1"
"TAATCTCGTATGAGCG-1"	"SeuratProject"	15851	4103	21576	4100	"WT_2"	"WT"	"G1"
"TAATTCCGTCGTTCAA-1"	"SeuratProject"	16833	4177	21529	4161	"WT_2"	"WT"	"G1"
"TACATTCAGAATCGAT-1"	"SeuratProject"	21210	4626	21753	4588	"WT_1"	"WT"	"G1"
"TACATTCTCATGTCAG-1"	"SeuratProject"	22668	4737	22515	4695	"WT_1"	"WT"	"G1"
"TACCGAATCACAAGGG-1"	"SeuratProject"	18527	4524	21491	4498	"WT_1"	"WT"	"G1"
"TACCGGGTCTACGGGC-1"	"SeuratProject"	25743	5289	23094	5244	"HOM_1"	"HOM"	"G1"
"TACCTGCTCACTGGTA-1"	"SeuratProject"	21441	4764	21809	4727	"HOM_1"	"HOM"	"G1"
"TACGGGCCAATATCCG-1"	"SeuratProject"	19827	4483	21579	4463	"WT_1"	"WT"	"G1"
"TACGGTACACTCGATA-1"	"SeuratProject"	24720	5563	23107	5502	"HOM_2"	"HOM"	"G1"
"TACTTACCAGCTGAGA-1"	"SeuratProject"	35850	6469	23048	6067	"HOM_1"	"HOM"	"G1"
"TACTTCACAGCAGTGA-1"	"SeuratProject"	15897	3903	21664	3900	"WT_2"	"WT"	"G1"
"TAGAGTCAGCTCTATG-1"	"SeuratProject"	16626	4219	21434	4188	"WT_2"	"WT"	"G1"
"TAGATCGAGGTTGGTG-1"	"SeuratProject"	33855	5897	22921	5688	"HOM_2"	"HOM"	"G1"
"TAGTGCAGTCCATAGT-1"	"SeuratProject"	19825	4499	21611	4474	"HOM_2"	"HOM"	"G1"
"TATACCTCAGCGTGCT-1"	"SeuratProject"	16716	4095	21579	4089	"HOM_1"	"HOM"	"G1"
"TATATCCAGCCGATAG-1"	"SeuratProject"	10585	3171	21604	3587	"HOM_1"	"HOM"	"G1"
"TATATCCCACAAGGTG-1"	"SeuratProject"	23530	5235	22793	5160	"WT_1"	"WT"	"G1"
"TATATCCCATCCAACA-1"	"SeuratProject"	32001	5811	23057	5715	"HOM_2"	"HOM"	"G1"
"TATATCCTCACTGATG-1"	"SeuratProject"	29649	6005	23109	5930	"HOM_1"	"HOM"	"G1"
"TATTCCATCATTCCTA-1"	"SeuratProject"	25947	5319	23094	5265	"WT_1"	"WT"	"G1"
"TCAAGTGTCTTCGCTG-1"	"SeuratProject"	28456	5173	23053	5135	"HOM_1"	"HOM"	"G1"
"TCACACCCACCTGTCT-1"	"SeuratProject"	6049	2268	21829	4075	"WT_2"	"WT"	"G1"
"TCACACCTCGAGAACG-1"	"SeuratProject"	33312	6089	22903	5916	"HOM_2"	"HOM"	"G1"
"TCACATTGTGAAGCTG-1"	"SeuratProject"	51190	6659	22609	5027	"HOM_1"	"HOM"	"G1"
"TCACTATTCCGAGAAG-1"	"SeuratProject"	19411	4611	21507	4567	"WT_2"	"WT"	"G1"
"TCACTCGAGCCGGATA-1"	"SeuratProject"	30054	6241	23156	6120	"WT_2"	"WT"	"G1"
"TCAGCCTAGGTTGACG-1"	"SeuratProject"	25553	5428	23120	5383	"HOM_1"	"HOM"	"G1"
"TCAGTTTAGAGCAGTC-1"	"SeuratProject"	22596	4955	22485	4919	"WT_1"	"WT"	"G1"
"TCATCATAGCGTGCTC-1"	"SeuratProject"	31351	5728	22993	5619	"HOM_1"	"HOM"	"G1"
"TCATGAGGTTCAACGT-1"	"SeuratProject"	14946	4016	21436	4012	"WT_2"	"WT"	"G1"
"TCATTACCACTGGAAG-1"	"SeuratProject"	4557	1918	20582	4194	"WT_2"	"WT"	"G1"
"TCATTGTGTATCGGTT-1"	"SeuratProject"	34020	6281	22956	6050	"HOM_2"	"HOM"	"G1"
"TCCAGAAGTATCCTTT-1"	"SeuratProject"	28954	5327	23046	5291	"HOM_1"	"HOM"	"G1"
"TCCATGCCAGACGGAT-1"	"SeuratProject"	22798	5016	22555	4968	"WT_1"	"WT"	"G1"
"TCCATGCTCCCGAATA-1"	"SeuratProject"	34153	6751	22946	6382	"WT_2"	"WT"	"G1"
"TCCCACACAAACACCT-1"	"SeuratProject"	28600	5592	23094	5501	"WT_2"	"WT"	"G1"
"TCCCATGAGATTAGCA-1"	"SeuratProject"	22025	4782	22076	4748	"WT_1"	"WT"	"G1"
"TCCCATGAGTACCCTA-1"	"SeuratProject"	30393	5920	23135	5791	"WT_2"	"WT"	"G1"
"TCCGTGTTCGAGAATA-1"	"SeuratProject"	25569	5114	23088	5091	"HOM_2"	"HOM"	"G1"
"TCCTCGATCAGTCAGT-1"	"SeuratProject"	29075	5687	22996	5620	"HOM_1"	"HOM"	"G1"
"TCCTGCAAGTTGCCCG-1"	"SeuratProject"	25691	5905	23048	5784	"HOM_1"	"HOM"	"G1"
"TCCTTTCTCCTGCCAT-1"	"SeuratProject"	27474	5789	23221	5728	"WT_2"	"WT"	"G2M"
"TCGAACACATAACTCG-1"	"SeuratProject"	36034	6091	23060	5764	"WT_1"	"WT"	"G1"
"TCGACCTAGGTTGACG-1"	"SeuratProject"	28053	5664	23197	5592	"WT_2"	"WT"	"G1"
"TCGATTTAGGTGGTTG-1"	"SeuratProject"	32025	5784	23012	5632	"HOM_1"	"HOM"	"G1"
"TCGCTCAGTCGATTAC-1"	"SeuratProject"	11026	3308	21619	3644	"WT_1"	"WT"	"G1"
"TCTACATAGAGCGACT-1"	"SeuratProject"	14705	4075	21374	4092	"WT_1"	"WT"	"G2M"
"TCTACATTCCTGGGTG-1"	"SeuratProject"	27204	5081	23047	5035	"HOM_2"	"HOM"	"G1"
"TCTATCAGTTAAACCC-1"	"SeuratProject"	22950	5041	22645	5001	"WT_2"	"WT"	"G1"
"TCTCAGCGTAGTTACC-1"	"SeuratProject"	20532	4936	21615	4902	"WT_1"	"WT"	"G1"
"TCTCAGCGTCTCGGAC-1"	"SeuratProject"	22009	5342	22035	5286	"WT_2"	"WT"	"G1"
"TCTCCGATCCCAAGTA-1"	"SeuratProject"	24288	5021	22950	4978	"HOM_2"	"HOM"	"G1"
"TCTGTCGAGTAGCAAT-1"	"SeuratProject"	11401	3481	21039	3958	"HOM_1"	"HOM"	"G1"
"TCTTAGTAGTCATACC-1"	"SeuratProject"	23764	4859	22831	4824	"WT_2"	"WT"	"G1"
"TCTTCCTGTGTCTTAG-1"	"SeuratProject"	4538	2028	20333	4279	"HOM_1"	"HOM"	"G2M"
"TCTTCCTTCCTATTGT-1"	"SeuratProject"	8661	3260	20596	3984	"WT_1"	"WT"	"G1"
"TGAATCGCACGTATAC-1"	"SeuratProject"	26611	5479	23132	5426	"HOM_2"	"HOM"	"G1"
"TGAATCGCACTGAATC-1"	"SeuratProject"	22511	5033	22344	4985	"HOM_1"	"HOM"	"G1"
"TGAATCGTCCCAACTC-1"	"SeuratProject"	20268	4920	21550	4882	"WT_1"	"WT"	"G1"
"TGACTCCTCGGTCGGT-1"	"SeuratProject"	26390	4815	23045	4766	"WT_2"	"WT"	"G1"
"TGAGCATTCTTCGGTC-1"	"SeuratProject"	20843	4571	21727	4539	"WT_1"	"WT"	"G1"
"TGAGGGAAGCATGCAG-1"	"SeuratProject"	22508	4787	22424	4757	"HOM_2"	"HOM"	"G1"
"TGAGTCACAAAGGGCT-1"	"SeuratProject"	30835	5303	23061	5208	"WT_2"	"WT"	"G1"
"TGAGTCACACACGCCA-1"	"SeuratProject"	9775	3070	21689	3735	"WT_1"	"WT"	"G1"
"TGATCAGGTTTACTTC-1"	"SeuratProject"	22562	4686	22457	4656	"HOM_2"	"HOM"	"G1"
"TGATCTTGTGGATTTC-1"	"SeuratProject"	33103	6301	22992	6120	"HOM_2"	"HOM"	"G1"
"TGATTTCAGTCAAGCG-1"	"SeuratProject"	34370	6309	22874	6003	"WT_2"	"WT"	"G1"
"TGCAGATAGTTAACAG-1"	"SeuratProject"	22601	5044	22446	4983	"WT_1"	"WT"	"G1"
"TGCATCCTCTGTCAGA-1"	"SeuratProject"	26220	5244	23068	5182	"WT_2"	"WT"	"G1"
"TGCGACGAGTTCAACC-1"	"SeuratProject"	26999	4949	23001	4880	"HOM_2"	"HOM"	"G1"
"TGCGGCAAGTTATGGA-1"	"SeuratProject"	25905	5310	23084	5275	"WT_1"	"WT"	"G1"
"TGCTGAACACAGCCTG-1"	"SeuratProject"	31269	5614	23048	5541	"WT_1"	"WT"	"G1"
"TGGAACTCAGCCTATA-1"	"SeuratProject"	27114	5318	23086	5293	"HOM_2"	"HOM"	"G1"
"TGGAGAGTCTGCGATA-1"	"SeuratProject"	18276	4224	21550	4210	"HOM_2"	"HOM"	"G1"
"TGGCGTGAGCATTGAA-1"	"SeuratProject"	22866	5231	22605	5171	"HOM_2"	"HOM"	"G1"
"TGGGAAGTCGTGCAGC-1"	"SeuratProject"	23633	5519	22861	5450	"HOM_2"	"HOM"	"G1"
"TGGGCGTCAGGTGGAT-1"	"SeuratProject"	21003	4998	21686	4963	"WT_2"	"WT"	"G1"
"TGGGCGTGTCGGATTT-1"	"SeuratProject"	17629	4201	21557	4186	"HOM_2"	"HOM"	"G1"
"TGGTAGTTCCGTGTCT-1"	"SeuratProject"	34288	5970	22862	5660	"WT_1"	"WT"	"G1"
"TGGTGATTCGCGAAGA-1"	"SeuratProject"	16178	3821	21520	3801	"WT_1"	"WT"	"G1"
"TGTACAGTCCTTCAGC-1"	"SeuratProject"	23467	4936	22796	4892	"HOM_2"	"HOM"	"G1"
"TGTAGACGTTGCTCGG-1"	"SeuratProject"	8525	2921	21214	3767	"HOM_2"	"HOM"	"G1"
"TGTCCTGGTGCCTATA-1"	"SeuratProject"	29329	5506	22991	5445	"WT_1"	"WT"	"G1"
"TGTCCTGTCTGAATCG-1"	"SeuratProject"	35085	6668	23035	6242	"HOM_1"	"HOM"	"G1"
"TGTGATGGTAAGATAC-1"	"SeuratProject"	6282	2290	20333	3932	"WT_2"	"WT"	"G1"
"TGTGTGACATTGGATC-1"	"SeuratProject"	24006	5053	22910	5016	"WT_2"	"WT"	"G1"
"TGTGTGAGTCACAATC-1"	"SeuratProject"	18235	4391	21513	4375	"WT_1"	"WT"	"G1"
"TGTTCATTCAGGGTAG-1"	"SeuratProject"	22873	4696	22604	4676	"HOM_2"	"HOM"	"G1"
"TGTTCTAAGCATGGGT-1"	"SeuratProject"	20829	4841	21651	4797	"HOM_1"	"HOM"	"G1"
"TGTTCTAGTACTAAGA-1"	"SeuratProject"	20738	4694	21649	4669	"HOM_1"	"HOM"	"G1"
"TTACAGGTCTCAAAGC-1"	"SeuratProject"	6855	2427	21365	3853	"WT_1"	"WT"	"G1"
"TTACGTTGTGAACCGA-1"	"SeuratProject"	23645	5096	22868	5069	"WT_1"	"WT"	"G1"
"TTAGGGTGTACTCAAC-1"	"SeuratProject"	17526	4289	21503	4257	"WT_2"	"WT"	"G1"
"TTATTGCGTGGAAGTC-1"	"SeuratProject"	19003	4360	21571	4344	"WT_1"	"WT"	"G1"
"TTCAGGACACTGAGGA-1"	"SeuratProject"	15680	4142	21530	4129	"WT_1"	"WT"	"G1"
"TTCAGGAGTGTTATCG-1"	"SeuratProject"	16565	4085	21530	4069	"HOM_1"	"HOM"	"G1"
"TTCCTAACACATATCG-1"	"SeuratProject"	20411	4600	21540	4537	"HOM_2"	"HOM"	"G1"
"TTCCTCTCAGCAGAAC-1"	"SeuratProject"	17590	4602	21391	4577	"WT_1"	"WT"	"G1"
"TTCGCTGCATGGTGGA-1"	"SeuratProject"	29527	5366	23009	5304	"HOM_1"	"HOM"	"G1"
"TTCGGTCAGCGCCTCA-1"	"SeuratProject"	21125	4913	21735	4885	"HOM_2"	"HOM"	"G1"
"TTCTAACCAGCGGTCT-1"	"SeuratProject"	24477	4976	22919	4909	"HOM_2"	"HOM"	"G1"
"TTCTAGTCAAACACGG-1"	"SeuratProject"	21838	4722	22020	4697	"HOM_2"	"HOM"	"G1"
"TTCTGTACATGAGATA-1"	"SeuratProject"	19922	4451	21559	4425	"WT_2"	"WT"	"G1"
"TTCTGTATCTTTCCAA-1"	"SeuratProject"	26685	5231	23100	5194	"HOM_2"	"HOM"	"G1"
"TTCTTCCTCAAACTGC-1"	"SeuratProject"	5334	2044	19735	4129	"WT_1"	"WT"	"G1"
"TTGAACGTCGCTCTCA-1"	"SeuratProject"	19021	4694	21418	4656	"WT_1"	"WT"	"G1"
"TTGATGGCAGAAATCA-1"	"SeuratProject"	33873	5749	22874	5524	"HOM_1"	"HOM"	"G1"
"TTGCATTAGCGAACTG-1"	"SeuratProject"	25961	5146	23105	5100	"WT_1"	"WT"	"G1"
"TTGGGATTCCGTGCGA-1"	"SeuratProject"	20984	4748	21734	4701	"HOM_2"	"HOM"	"G1"
"TTGGGCGGTCGGCCTA-1"	"SeuratProject"	23024	4562	22634	4536	"HOM_2"	"HOM"	"G1"
"TTGTGGAAGATCGCTT-1"	"SeuratProject"	3088	1451	21095	4792	"WT_2"	"WT"	"G1"
"TTGTGGATCATTCGGA-1"	"SeuratProject"	19888	4690	21548	4669	"HOM_2"	"HOM"	"G1"
"TTGTTTGGTCGAAACG-1"	"SeuratProject"	23946	5158	22924	5120	"HOM_2"	"HOM"	"G1"
"TTTCAGTGTCTCTCTG-1"	"SeuratProject"	21248	4883	21780	4840	"WT_1"	"WT"	"G1"
"TTTGACTTCAACCTCC-1"	"SeuratProject"	20852	4634	21748	4609	"WT_2"	"WT"	"G1"
"TTTGGTTCAGCTAACT-1"	"SeuratProject"	32265	5528	22932	5421	"WT_2"	"WT"	"G1"
